header,category,location,title,description,website_url,image_name,youtube_url
우리의,GTX,,"GTX, 광역교통망으로 1시간의 여유를 드립니다",,https://m.blog.naver.com/PostView.naver?blogId=dyvision2030&logNo=222734758099&referrerCode=0&searchKeyword=gtx,https://mblogthumb-phinf.pstatic.net/MjAyMjA1MTZfMjc5/MDAxNjUyNjkzMTYzODAy._EINaWOzIYjG9bd2OXscvfqu_-gG1JeTEjCqyFGcixcg.POgIXF3mxIYp_VIyr6lBlPDlSOlau9PXWb0VFY3cu9Eg.JPEG.dyvision2030/19.jpg?type=w800,
우리의,GTX,,경기도 순환철도망 준 GTX급 완성!,,https://m.blog.naver.com/dyvision2030/222729612427,https://mblogthumb-phinf.pstatic.net/MjAyMjA1MTJfMzkg/MDAxNjUyMzIwOTM1NTU5.6737GMQpOZ8xGOkAtGc-FgqLyWsWJW-KGLQQLXUR7GMg.wFPPqbLfeF5px1ikzKTqfSMMVEu6WqfbABDzARb0kiAg.JPEG.dyvision2030/9.jpg?type=w800,
우리의,GTX,,경기도 순환철도망 준 GTX급 완성!,,https://m.blog.naver.com/dyvision2030/222729612427,https://mblogthumb-phinf.pstatic.net/MjAyMjA1MTJfMjUy/MDAxNjUyMzIwOTM1MDMy.b6eFrfMDcn7mKcF9rbb6SR7QiEwHYToMvlNquqAVEBog.pLsCkGiNNqzoi1F1ykO3eaeKREwWni7HhJENlgC9K7gg.JPEG.dyvision2030/1.jpg?type=w800,
우리의,GTX,,경기도 순환철도망 준 GTX급 완성!,,https://m.blog.naver.com/dyvision2030/222729612427,https://mblogthumb-phinf.pstatic.net/MjAyMjA1MTJfMjUy/MDAxNjUyMzIwOTM1MDY5.jhyiU4Y1QqRKBZdMoLoAoUSU-O-iPAHyMnvzKLEQqq0g.tL5rng7idZb0sLZ7niToV4WV7zL-SsOW5M67zD3WUZ0g.JPEG.dyvision2030/2.jpg?type=w800,
우리의,GTX,,경기도 순환철도망 준 GTX급 완성!,,https://m.blog.naver.com/dyvision2030/222729612427,https://mblogthumb-phinf.pstatic.net/MjAyMjA1MTJfNzkg/MDAxNjUyMzIwOTM1MDgx.DQD8l7ewHViM2XSIl2fJSO2mHlZ60ST1rM3rnJgLKXcg.HOysLUMDavIFOH8Mxg9zGfqPUp5Hekd9kNWHRZKtcT4g.JPEG.dyvision2030/3.jpg?type=w800,
우리의,GTX,,경기도 순환철도망 준 GTX급 완성!,,https://m.blog.naver.com/dyvision2030/222729612427,https://mblogthumb-phinf.pstatic.net/MjAyMjA1MTJfNjEg/MDAxNjUyMzIwOTM1MDg2.RWZ2qO7Zos1ECW8Qs-qnZrDnxAWxMoY_uUX-I0LGhwYg.xdVh5V_xMB7_6YyKxGm4XOEkrlzOQrDfUR7xsbE6xZsg.JPEG.dyvision2030/4.jpg?type=w800,
우리의,GTX,,경기도 순환철도망 준 GTX급 완성!,,https://m.blog.naver.com/dyvision2030/222729612427,https://mblogthumb-phinf.pstatic.net/MjAyMjA1MTJfNTgg/MDAxNjUyMzIwOTM1MDkx.Jx1uvRk1v2lxkVLcFHCPUUSDpe2L-ERmaeX1gXd1OEEg.BkjPTQ7OfLckCyHzNtqGrt8YhdmvxQuPoz1GdoptiCgg.JPEG.dyvision2030/5.jpg?type=w800,
우리의,GTX,,경기도 순환철도망 준 GTX급 완성!,,https://m.blog.naver.com/dyvision2030/222729612427,https://mblogthumb-phinf.pstatic.net/MjAyMjA1MTJfMjE5/MDAxNjUyMzIwOTM1MTAy.GcVf5jOKfrv3_j0hlIVzaVY5hqHGfw6R6cDYMIw7I14g.jFLFa_LOyISNCK_SXibTK4VwlDjTMVuP3zqX7_ulqqgg.JPEG.dyvision2030/6.jpg?type=w800,
우리의,GTX,,경기도 순환철도망 준 GTX급 완성!,,https://m.blog.naver.com/dyvision2030/222729612427,https://mblogthumb-phinf.pstatic.net/MjAyMjA1MTJfMzgg/MDAxNjUyMzIwOTM1NTAy.Bb72hMPfieLy2cxNfTWgbEYormMhramn77Emwcfmmd8g.bEY9Xcd_Kq2NOGDSGfKe6Mvsd1TrVADdO5XxaM6QDAYg.JPEG.dyvision2030/7.jpg?type=w800,
우리의,GTX,,경기도 순환철도망 준 GTX급 완성!,,https://m.blog.naver.com/dyvision2030/222729612427,https://mblogthumb-phinf.pstatic.net/MjAyMjA1MTJfMjMg/MDAxNjUyMzIwOTM1NTM3.IdkLkocxlcnBY-hh3efhZmhfaQGbW_j1So5Jap8NcOgg.Y9kuGB7i262nKO1FuvCB-bvCotSmeSn8-XR5cfD63PAg.JPEG.dyvision2030/8.jpg?type=w800,
우리의,경기북부,,경기 북·동부를 사람과 기업이 찾는 기회의 땅으로! 일 잘하는 김동연이 해내겠습니다.,,https://m.blog.naver.com/PostView.naver?blogId=dyvision2030&logNo=222734514335&navType=by,https://mblogthumb-phinf.pstatic.net/MjAyMjA1MTZfMTQw/MDAxNjUyNjgxODU1NDAw.s1XAu-5iL0XVKiIlLhflMYNdvImwI__JTQvarwX9S-Eg.3pwhIa-ponlCsFrdT6CpzOuDzbhs7k64_fgzlQAT7fsg.JPEG.dyvision2030/1.jpg?type=w800,
우리의,경기북부,,SRT/KTX 경기북부 파주·의정부 연장,,https://m.blog.naver.com/dyvision2030/222734762870?referrerCode=1,https://mblogthumb-phinf.pstatic.net/MjAyMjA1MTZfMTAg/MDAxNjUyNjkzNDI2NDA1.f--PDpyMVMpe7Q8pLTQEvMjvJX62hx-mCeHHef_4evkg.vB4_dW0vJIY4X0SlrYx1R-E4hh20FalkEMEXcBUKck8g.JPEG.dyvision2030/20.jpg?type=w800,
우리의,경기북부,,경기북부 공공의료원 설립 ,,https://m.blog.naver.com/dyvision2030/222734771484?referrerCode=1,https://mblogthumb-phinf.pstatic.net/MjAyMjA1MTZfMjQ1/MDAxNjUyNjk0MDAzMDE0.cGfEgGgCRK32iqnXCyYUXfBCgub8Gru39BDlrXyMA2Mg.USyZMg6VMgKfaS6JNZPIZPF_qP1JsrnN_E1to2AkPWQg.JPEG.dyvision2030/23.jpg?type=w800,
우리의,경기북부,,김동연의 '북부 속으로 5' <직업군인 내 집 마련 프로젝트>,,https://m.blog.naver.com/PostView.naver?blogId=dyvision2030&logNo=222733206885&navType=by,https://mblogthumb-phinf.pstatic.net/MjAyMjA1MTVfNTgg/MDAxNjUyNTkxODQ1ODgw.5E7gs1ZqDuI4xRwpuogKQ-E4ZbguF7-y6-9x-CVt0p0g.6b6G3o7O5a0hctHsSdl5sbK15PLKWc2O-vRwacTDcyMg.JPEG.dyvision2030/직업군인.jpg?type=w800,
우리의,공항,,"수원 군공항•성남 서울공항 동시 이전, 경기국제공항 추진",,https://m.blog.naver.com/dyvision2030/222717295020,https://mblogthumb-phinf.pstatic.net/MjAyMjA1MDFfMTM4/MDAxNjUxMzgxMDU1MTUx.XkuCxgJAqhvdqdI6C5jgF3N6kwIhYu6fKyh0IzULFN4g.K4Ge0Jz_oUEvfOVgsgevuif57e5VbZ_4ahBmcB0WNb4g.PNG.dyvision2030/0501-공항.png?type=w800,
우리의,공항,,"수원, 성남 군공항 이전 통합 <국제반도체공항 건설>",,https://m.blog.naver.com/dyvision2030/222721984001,https://mblogthumb-phinf.pstatic.net/MjAyMjA1MDVfNzcg/MDAxNjUxNzQ4MzE5OTgz.EXI9W7Na25Nv1nkDk7Q8E_SJoCBgwzhLGXHqKsByh-cg.jft_gWPbZTxvV1JlLGhVQfHDtZy_afa2Dk-l4zvkiEsg.JPEG.dyvision2030/5.jpg?type=w800,
우리의,교육,,경기도판 미네르바 스쿨 도입,,https://m.blog.naver.com/dyvision2030/222721980484,https://mblogthumb-phinf.pstatic.net/MjAyMjA1MDVfMSAg/MDAxNjUxNzQ3ODk3NjUx.syyiHtQ2FqbsMW2kzZ83ibyngsrELuQLdd6ofYSQ66gg.m2VVyS8XGVROwhaUfj0crU2tWx3hMV85X90vekTw5m4g.JPEG.dyvision2030/4.jpg?type=w800,
우리의,교육,,다문화아동 한국어 학습 온라인플랫폼,,https://m.blog.naver.com/dyvision2030/222730142742,https://mblogthumb-phinf.pstatic.net/MjAyMjA1MTJfMSAg/MDAxNjUyMzQ3NzMwOTEy.pNQ-K_uB4dRFeW7kjevW7JxUVi2BVzH6ZVAgufqrISIg.BZ8wqbYNjfkSJE-8IAHPyaVqmBN-bvPfPB8VUmwrMScg.JPEG.dyvision2030/16.jpg?type=w800,
우리,가족,,"모든 가족이 존중받는 경기도, 일 잘하는 김동연이 만들겠습니다!",,https://m.blog.naver.com/PostView.naver?blogId=dyvision2030&logNo=222739850870&navType=by,https://mblogthumb-phinf.pstatic.net/MjAyMjA1MjBfMjMw/MDAxNjUzMDI3ODU0NjY0.n_6RshZXkqLM6WRf1Ug1w_wYBCQ0SES8xXqG555ZURUg.6ji31xJWkS1zOnEODM04hfbu6bJ_FnGCX1TsCtwZfakg.JPEG.dyvision2030/%EA%B0%80%EC%A1%B1%EC%B0%AC%EC%8A%A4.jpg?type=w800,
우리,가족,,다문화아동 한국어 학습 온라인플랫폼,,https://m.blog.naver.com/dyvision2030/222730142742,https://mblogthumb-phinf.pstatic.net/MjAyMjA1MTJfMSAg/MDAxNjUyMzQ3NzMwOTEy.pNQ-K_uB4dRFeW7kjevW7JxUVi2BVzH6ZVAgufqrISIg.BZ8wqbYNjfkSJE-8IAHPyaVqmBN-bvPfPB8VUmwrMScg.JPEG.dyvision2030/16.jpg?type=w800,
나의,건강,,경기북부 공공의료원 설립 ,,https://m.blog.naver.com/dyvision2030/222734771484?referrerCode=1,https://mblogthumb-phinf.pstatic.net/MjAyMjA1MTZfMjQ1/MDAxNjUyNjk0MDAzMDE0.cGfEgGgCRK32iqnXCyYUXfBCgub8Gru39BDlrXyMA2Mg.USyZMg6VMgKfaS6JNZPIZPF_qP1JsrnN_E1to2AkPWQg.JPEG.dyvision2030/23.jpg?type=w800,
"나,",남성,,김동연의 '북부 속으로 5' <직업군인 내 집 마련 프로젝트>,,https://m.blog.naver.com/PostView.naver?blogId=dyvision2030&logNo=222733206885&navType=by,https://mblogthumb-phinf.pstatic.net/MjAyMjA1MTVfNTgg/MDAxNjUyNTkxODQ1ODgw.5E7gs1ZqDuI4xRwpuogKQ-E4ZbguF7-y6-9x-CVt0p0g.6b6G3o7O5a0hctHsSdl5sbK15PLKWc2O-vRwacTDcyMg.JPEG.dyvision2030/직업군인.jpg?type=w800,
"나,",남성,,입대부터 전역까지 빈틈없는 ‘군복무 경기청년 상해보험 플러스’를 실시하겠습니다,,https://m.blog.naver.com/dyvision2030/222721758987,https://mblogthumb-phinf.pstatic.net/MjAyMjA1MDVfODUg/MDAxNjUxNzI2MjM2Mjc3.SpeeMOa8USJj5OdQjb36FAS6oHL-kn5Pb6UUghoR4Log.czMlsro2PrienvQWMyxkjXB9Nb3UitN_KdII2NB33gcg.JPEG.dyvision2030/군복무.jpg?type=w800,
나의,노동,,중소기업 노동자 10만명 연간 최대 1000만원 지원 ,,https://m.blog.naver.com/dyvision2030/222721977391,https://mblogthumb-phinf.pstatic.net/MjAyMjA1MDVfMjc1/MDAxNjUxNzQ3NDkwNjM5.YE-f4QMYQZ6RCy6EoeLz8YAfmH7O8--WRAfVyQjPfLgg.I6AzINYpYw6PR98QgJZiT3iA1RZ_6-775TEPw3h_SIYg.JPEG.dyvision2030/3.jpg?type=w800,
나의,노동,,일하는 모든 사람이 행복한 경기도를 만들겠습니다.,,https://m.blog.naver.com/dyvision2030/222717160407,https://mblogthumb-phinf.pstatic.net/MjAyMjA1MDFfMTU3/MDAxNjUxMzY1MTQyMTY0.rPUmOgL7bExWksYHWJZEKuPRfxHWNorxNbZ6Ieh_zckg.nVkM9E7CYM5f2MGM6EZxHVktzmC87YKMZe3a8eNYXvYg.JPEG.dyvision2030/photo_2022-05-01_09-24-54.jpg?type=w800,
나의,노동,,플랫폼·이동노동자 쉼터를 확대하겠습니다,,https://m.blog.naver.com/dyvision2030/222715108814,https://mblogthumb-phinf.pstatic.net/MjAyMjA0MjlfMjk0/MDAxNjUxMTkxNjg5NDQ4.pUaH2urDpNhiAMcviq9aXTuHCZhuL5scYMmM48EaFlUg.V5h8JWtRauw_Zx2NKdUoj7WFopC14hwCLCYzawHxyw8g.JPEG.dyvision2030/photo_2022-04-29_09-19-10.jpg?type=w800,
우리의,문화예술,,"문화와 예술의 고장, 품격 있는 경기도! 일 잘하는 김동연이 실현하겠습니다",,https://m.blog.naver.com/dyvision2030/222729998892,https://mblogthumb-phinf.pstatic.net/MjAyMjA1MTJfMTkx/MDAxNjUyMzQwMzg0NDA4.kgXSyejhUFPrxvjb50lDH7EtZHDrBw0RJdNILFHEkxMg.Knpi5Hxo59LCS3KHlMDZndvhoSuRckTiF0CiYW3U9fMg.JPEG.dyvision2030/문화예술공약.jpg?type=w800,
우리의,문화예술,,"경기도가 선도해온 기본소득, 문화예술인 여러분께 확대하겠습니다",,https://m.blog.naver.com/dyvision2030/222719690216,https://mblogthumb-phinf.pstatic.net/MjAyMjA1MDNfMjk1/MDAxNjUxNTYyNTg0Mzk1.21dYHptF8CKnKsw4CLQw3JpXQZ3ZQ077FiI0WKyMaeYg.HGB2Ry5_emr_9PveUksNer-shaU9TDHwPqsPDDh38uwg.JPEG.dyvision2030/기본소득.jpg?type=w800,
우리의,문화예술,,경기도판 넷플릭스 경기TV 설립,,https://m.blog.naver.com/dyvision2030/222736202997,https://mblogthumb-phinf.pstatic.net/MjAyMjA1MTdfMjc1/MDAxNjUyNzg5Mzc2MDI4.EYTlCy-EW4V3A_yoHKGgi3C28E_-dbljTNoSu7BEJxsg.N0AGCe8oPWBVWmuq-KoVujj-JhojqKp4rftr8fXKBsUg.JPEG.dyvision2030/26.jpg?type=w800,
우리의,민생경제,,"민생회복, 김동연은 합니다. 경기지역 화폐 10% 상시할인 ",,https://m.blog.naver.com/dyvision2030/222736090805,https://mblogthumb-phinf.pstatic.net/MjAyMjA1MTdfMTUw/MDAxNjUyNzgxMDM2NTMy.1Nh2Cin9QIytgL1qWjPrcVjk5Ax8oVSmTA873UVHprgg.v4RgxsvFkIcYeDIK7woMbR3YcYlPe0IRlbcthADgh5Ag.JPEG.dyvision2030/1.jpg?type=w800,
우리의,민생경제,,"벼랑 끝 도민께 다시 한번 기회를, 극저신용대출을 확대하겠습니다!",,https://m.blog.naver.com/dyvision2030/222733365127,https://mblogthumb-phinf.pstatic.net/MjAyMjA1MTVfMjMg/MDAxNjUyNjAzMjA1MDAx.MMFIRzxxOOsacOP3setsHZgY-gmaVqR0O3fIYUc4r_Yg.S7dVkN0ldHys8YOQsxmdCaF4W_SSi1mLO7hURH8SNAkg.JPEG.dyvision2030/%EA%B7%B9%EC%A0%80%EC%8B%A0%EC%9A%A9%EB%8C%80%EC%B6%9C.jpg?type=w800,
우리의,민생경제,,"빈부격차가 건강격차로 이어지지 않게, ‘긴급끼니돌봄 제도’를 도입하겠습니다",,https://m.blog.naver.com/dyvision2030/222730844973,https://mblogthumb-phinf.pstatic.net/MjAyMjA1MTNfODcg/MDAxNjUyNDA0NTExOTc5.nrQr9h0gdcSnnriPzDd-7pccwjUg5i8FcSAILjFLAPwg.Zikj25NxR8ar0aYefb_hkZDp4iGGGJjXezDGE3uyxw8g.JPEG.dyvision2030/photo_2022-05-13_10-14-53.jpg?type=w800,
우리의,민생경제,,"민생경제회복, 경기도가 먼저 시작합니다!",,https://m.blog.naver.com/dyvision2030/222719706243,https://mblogthumb-phinf.pstatic.net/MjAyMjA1MDNfMjkx/MDAxNjUxNTYzNDA5NDEx.Ok0UAQiSmmbIX0zt2q1e7AFt40Jmc6tkv_P7a8wbeK0g.axmhkgIkSNTL2KVZWpS5VhCEHJKgxJU2_qKd9jV8a-sg.JPEG.dyvision2030/민생경제회복.jpg?type=w800,
우리의,부동산,,"‘1·3·5 부동산 정책’으로 집 걱정 없는 경기도, 일 잘하는 김동연이 실현합니다!",,https://m.blog.naver.com/dyvision2030/222719680955,https://mblogthumb-phinf.pstatic.net/MjAyMjA1MDNfMzgg/MDAxNjUxNTYyMDU5Njgy.sRysx4IREvnfXf0OgTBhF-bpGp3ZeGuqae3MnAptSuog.lsN9YG3yOGRX9ojyIasH_i6BghIkBfj1i3rVh9oDsE0g.JPEG.dyvision2030/부동산.jpg?type=w800,
우리의,부동산,,김동연의 '북부 속으로 5' <직업군인 내 집 마련 프로젝트>,,https://m.blog.naver.com/PostView.naver?blogId=dyvision2030&logNo=222733206885&navType=by,https://mblogthumb-phinf.pstatic.net/MjAyMjA1MTVfNTgg/MDAxNjUyNTkxODQ1ODgw.5E7gs1ZqDuI4xRwpuogKQ-E4ZbguF7-y6-9x-CVt0p0g.6b6G3o7O5a0hctHsSdl5sbK15PLKWc2O-vRwacTDcyMg.JPEG.dyvision2030/직업군인.jpg?type=w800,
"나,",소상공인,,김동연의 골목상권 시장상권전담지원기관 권역별/시군별 확대,,https://m.blog.naver.com/dyvision2030/222729004917,https://mblogthumb-phinf.pstatic.net/MjAyMjA1MTFfMTEg/MDAxNjUyMjY5MzE3NDgx.De5Q--m48Zk38JBPmeffcDZoUGRnlBva15EGOxnH0AEg.niroX037Lpc1e7mzIuRpMOU3lVLSNF73tCz4eDzHmgog.JPEG.dyvision2030/13.jpg?type=w800,
"나,",소상공인,,"민생회복, 김동연은 합니다. 경기지역 화폐 10% 상시할인 ",,https://m.blog.naver.com/dyvision2030/222736090805,https://mblogthumb-phinf.pstatic.net/MjAyMjA1MTdfMTUw/MDAxNjUyNzgxMDM2NTMy.1Nh2Cin9QIytgL1qWjPrcVjk5Ax8oVSmTA873UVHprgg.v4RgxsvFkIcYeDIK7woMbR3YcYlPe0IRlbcthADgh5Ag.JPEG.dyvision2030/1.jpg?type=w800,
"나,",소상공인,,소상공인 '신용대사면',,https://m.blog.naver.com/dyvision2030/222729002568,https://mblogthumb-phinf.pstatic.net/MjAyMjA1MTFfNjcg/MDAxNjUyMjY5MTQyNTA5.rtwbxOQTBe5y8Vv004Avsq-RrfiGC2rm5ww4BJacrMYg.HoCgKurAxhkIXIX1mHI64jDIuPtgycAid0yZLbM4ymQg.JPEG.dyvision2030/12.jpg?type=w800,
"나,",소상공인,,민생경제 회복 3개년 프로젝트 1,,https://m.blog.naver.com/dyvision2030/222721612292,https://mblogthumb-phinf.pstatic.net/MjAyMjA1MDVfNSAg/MDAxNjUxNzEzNDMyMzcz.YDkay2ZxdvWRiSDKFZ_LLfmTJlakoNW2oQf4FNi51rAg.weBGv2zZrvcECMjr3lUmWGf4GXbql7U25px8EuvJjR8g.JPEG.dyvision2030/2.jpg?type=w800,
"나,",소상공인,,민생경제 회복 3개년 프로젝트 2,,https://m.blog.naver.com/dyvision2030/222721612292,https://mblogthumb-phinf.pstatic.net/MjAyMjA1MDVfMjMz/MDAxNjUxNzEzNDMyNDIz.ffKkU0B2q_xjsjs3fLeIMVQsw3si5sI7KGWn209hkcUg.0uXCWvO6ka0NOA2UqW1xsV5F8BA3aAL6sB5T6ST5om8g.JPEG.dyvision2030/3.jpg?type=w800,
"나,",소상공인,,민생경제 회복 3개년 프로젝트 3,,https://m.blog.naver.com/dyvision2030/222721612292,https://mblogthumb-phinf.pstatic.net/MjAyMjA1MDVfMjg4/MDAxNjUxNzEzNDMyNDMw.b_yj-1JEuMAttiooB0Kpdiesi0l56XgxfF8skzuZYMwg.7jVJCsxqQRKKBOa7RbgzB-Tf0ovYqrUR8hL6mugiRfkg.JPEG.dyvision2030/4.jpg?type=w800,
나의,안전,,재난으로부터 안전한 생명 존중 경기도! 일 잘하는 김동연이 만들겠습니다,,https://m.blog.naver.com/PostView.naver?blogId=dyvision2030&logNo=222738610050&navType=by,https://mblogthumb-phinf.pstatic.net/MjAyMjA1MTlfMTY3/MDAxNjUyOTU1MTg3MTE4.cD3spBroS-fYkJXmGDHfBdwwKHtp2CC44DeCgdcge7wg.hRQEcyy3Jc0fxAGgzKqxA_Rhz9VYdiwsfLNZWKTD7Zkg.JPEG.dyvision2030/1.jpg?type=w800,
나의,안전,,1인 가구 안전(방범) 설치비 지원,,https://m.blog.naver.com/dyvision2030/222729006523,https://mblogthumb-phinf.pstatic.net/MjAyMjA1MTFfMTMx/MDAxNjUyMjY5NDY0MTIw.YzJKlPUe9GRb7YNOOZ42eWeSbVnuE3RbcOZClU0hEx0g.drMtxhJ69xQvJ1-dIIhl1hWPXY6ptOWvNxx8XUusUPEg.JPEG.dyvision2030/14.jpg?type=w800,
나의,안전,,생활밀착형 자치경찰로 우리 동네 안전망 강화,,https://m.blog.naver.com/dyvision2030/222736218124,https://mblogthumb-phinf.pstatic.net/MjAyMjA1MTdfMjAg/MDAxNjUyNzkwMjk0NTg2.YbLk4Pz_ROoynGockflreBR7Zjq5faD8LfQlVR9jJ88g.0K3_V120RMaCaj68Ws6WtTyhne7I_IbRjZ0_XGgIbQwg.JPEG.dyvision2030/29.jpg?type=w800,
나의,안전,,"차별 없이 평등하고 여성이 안전한 경기도, 일 잘하는 김동연이 만들겠습니다!",,https://m.blog.naver.com/dyvision2030/222726529361,https://mblogthumb-phinf.pstatic.net/MjAyMjA1MDlfMTgw/MDAxNjUyMDk5ODI2MjAw.PG3cgbKiqHDT4z70faR4EcAOLwYFdqdiqZe6ZA8Onqcg.XHuBLmIZhXf51xtIsV6KdNLih6swLIGzq09JQPKDhfYg.JPEG.dyvision2030/여성공약.jpg?type=w800,
나의,안전,,데이트·스토킹·가정·성폭력 공동대응팀 전 시군 설치 ,,https://m.blog.naver.com/dyvision2030/222722967629,https://mblogthumb-phinf.pstatic.net/MjAyMjA1MDZfMTk4/MDAxNjUxODI1MTA5ODA3.PD-iU3Q2oArm1FiOvnBSsMQOewugOTGgVTNGdToIJ10g.sAp4ear-pP5QqDrf6w8-fbvfbkdiwYGL86vinfT15eQg.JPEG.dyvision2030/10.jpg?type=w800,
나의,안전,,아동학대·청소년 디지털성범죄·사이버 학폭 예방-상담-긴급대응 전담센터,,https://m.blog.naver.com/dyvision2030/222722953314,https://mblogthumb-phinf.pstatic.net/MjAyMjA1MDZfMSAg/MDAxNjUxODI0MjkyMjk2.JU8Kspeui59A31q1plhH3y2Oe3cYNIwFT2ue1cSWR2Mg.b6TkqJ4HjHIjn1-wYOrgMKfNypB18jz2uxqLDKNTq8Mg.JPEG.dyvision2030/7.jpg?type=w800,
나의,안전,,"가드레일, 미끄럼방지패드 설치 등 어르신 안전 하우징",,https://m.blog.naver.com/dyvision2030/222734765263?referrerCode=1,https://mblogthumb-phinf.pstatic.net/MjAyMjA1MTZfMjUw/MDAxNjUyNjkzNjgwMjQ3.LKLz5bjCAic40FjfnauEMGfLSteo8pKstYeTjs8r7Q0g.QfKc-kw1gpFbzksd9IgSl3KNzLfdNEs_TdMcTigwXMMg.JPEG.dyvision2030/21.jpg?type=w800,
우리의,안전,,소방관이 도민을 지키듯 도지사가 소방관의 자존심을 지키겠습니다,,https://m.blog.naver.com/dyvision2030/222736206668,https://mblogthumb-phinf.pstatic.net/MjAyMjA1MTdfMTM4/MDAxNjUyNzg5NTQyNTY4.05KZhdOsC4YDFC1VrBFx-0kPG3pHlqyDBwMhlt_1MzUg.-MLoUSN5puHMCG5V9dLNrqgM_L6rlCqQPmwB6K8XS98g.JPEG.dyvision2030/27.jpg?type=w800,
"나,",어르신,,"어르신이 건강하고 행복한 경기도, 일 잘하는 김동연이 만듭니다!",,https://m.blog.naver.com/dyvision2030/222724034724,https://mblogthumb-phinf.pstatic.net/MjAyMjA1MDdfMjAg/MDAxNjUxOTE3MzA5Mzc5.enAthD1r2Cmy4jn3TKhoxXZdVs4yLH75KAi3sWPU59Mg.I6QZV7flB_1XznPmCRP5bOOMLYgKMwgwNbzLHoBE0O8g.JPEG.dyvision2030/5대공약.jpg?type=w800,
"나,",어르신,,"가드레일, 미끄럼방지패드 설치 등 어르신 안전 하우징",,https://m.blog.naver.com/dyvision2030/222734765263?referrerCode=1,https://mblogthumb-phinf.pstatic.net/MjAyMjA1MTZfMjUw/MDAxNjUyNjkzNjgwMjQ3.LKLz5bjCAic40FjfnauEMGfLSteo8pKstYeTjs8r7Q0g.QfKc-kw1gpFbzksd9IgSl3KNzLfdNEs_TdMcTigwXMMg.JPEG.dyvision2030/21.jpg?type=w800,
"나,",여성,,"차별 없이 평등하고 여성이 안전한 경기도, 일 잘하는 김동연이 만들겠습니다!",,https://m.blog.naver.com/dyvision2030/222726529361,https://mblogthumb-phinf.pstatic.net/MjAyMjA1MDlfMTgw/MDAxNjUyMDk5ODI2MjAw.PG3cgbKiqHDT4z70faR4EcAOLwYFdqdiqZe6ZA8Onqcg.XHuBLmIZhXf51xtIsV6KdNLih6swLIGzq09JQPKDhfYg.JPEG.dyvision2030/여성공약.jpg?type=w800,
"나,",여성,,"월경권을 넘어 여성 건강권으로, 달빛건강 서비스를 시작하겠습니다",,https://m.blog.naver.com/dyvision2030/222723810142,https://mblogthumb-phinf.pstatic.net/MjAyMjA1MDdfMjc2/MDAxNjUxODk3NjUyMjk4.3XMPqQ09kYz7DvO9LgAWLgtVi-pbt8ddNyjK_Jd_oHMg.Yxj_fHjrifxspNVgYYkKFyuvTCL3JAQ4c9SXUKtls9kg.JPEG.dyvision2030/명작동화.jpg?type=w800,
"나,",여성,,데이트·스토킹·가정·성폭력 공동대응팀 전 시군 설치 ,,https://m.blog.naver.com/dyvision2030/222722967629,https://mblogthumb-phinf.pstatic.net/MjAyMjA1MDZfMTk4/MDAxNjUxODI1MTA5ODA3.PD-iU3Q2oArm1FiOvnBSsMQOewugOTGgVTNGdToIJ10g.sAp4ear-pP5QqDrf6w8-fbvfbkdiwYGL86vinfT15eQg.JPEG.dyvision2030/10.jpg?type=w800,
"나,",여성,,공공부문 고용평등임금공시제 추진,,https://m.blog.naver.com/dyvision2030/222722963370,https://mblogthumb-phinf.pstatic.net/MjAyMjA1MDZfMjg0/MDAxNjUxODI0OTYzODA5.ER8kW9-ABkESLNkGeUZ1tRoHFEjg-P_53YV1BW0R_KUg.ZPXW9HuXdTwQ8YKf8cm2H4yDkD3XOaUMQLcpNGWWUqQg.JPEG.dyvision2030/9.jpg?type=w800,
"나,",여성,,공공산후조리원을 확충하겠습니다. ,,https://m.blog.naver.com/dyvision2030/222709711350,https://mblogthumb-phinf.pstatic.net/MjAyMjA0MjRfNzUg/MDAxNjUwNzYyODI3MDAx.ALbykYoGyzmPMiuEE1joKpvd0AAqgdftUvqfsnn85pIg.UTUNn__calspUuXqX6uDf5MCWZylxyS11Umw8_0x2xwg.JPEG.dyvision2030/278861674_418379590111678_5925186779781502261_n.jpg?type=w800,
나의,육아,,"빈부격차가 건강격차로 이어지지 않게, ‘긴급끼니돌봄 제도’를 도입하겠습니다",,https://m.blog.naver.com/dyvision2030/222730844973,https://mblogthumb-phinf.pstatic.net/MjAyMjA1MTNfODcg/MDAxNjUyNDA0NTExOTc5.nrQr9h0gdcSnnriPzDd-7pccwjUg5i8FcSAILjFLAPwg.Zikj25NxR8ar0aYefb_hkZDp4iGGGJjXezDGE3uyxw8g.JPEG.dyvision2030/photo_2022-05-13_10-14-53.jpg?type=w800,
나의,육아,,아이돌보미와 가사도우미 서비스 신청 소득기준 상향 ,,https://m.blog.naver.com/dyvision2030/222730138484,https://mblogthumb-phinf.pstatic.net/MjAyMjA1MTJfNDEg/MDAxNjUyMzQ3NDMzMDUw.PNAqgBPEHMS8CZySwwfIHPG0ELTee3FKteVd3dJZpcUg.dFXwF4JYKrKRptmWjXDSmd-OIhet37ZslafRkVWvxusg.JPEG.dyvision2030/15.jpg?type=w800,
나의,육아,,맞벌이 가정 가사도우미 지원 확대 ,,https://m.blog.naver.com/dyvision2030/222722958907,https://mblogthumb-phinf.pstatic.net/MjAyMjA1MDZfMjY3/MDAxNjUxODI0NjIxMzEz.-mxiMAmDrCPy6b3e4x8Fk0L_bLSX8X9DC-aidw8soLsg.oIF_Tg97vySUjQ5QUqAYmbAQKUFDF-DneFRLX0alZEAg.JPEG.dyvision2030/8.jpg?type=w800,
나의,육아,,영유아 보육·초등돌봄 틈새공백 해소,,https://m.blog.naver.com/dyvision2030/222722948723,https://mblogthumb-phinf.pstatic.net/MjAyMjA1MDZfMjU2/MDAxNjUxODI0MTUyMjg2.4dyv4fv1IxakxsOtnCQ7q5W_H480dpqug7m5xptDXYcg.ZB5XHRyWP0xD7yurQxNxnP_cWMaAAdF9n2qEKE-3F4og.JPEG.dyvision2030/6.jpg?type=w800,
나의,육아,,어린이가 존중받고 행복한 경기도 일 잘하는 김동연이 만들겠습니다!,,https://m.blog.naver.com/dyvision2030/222721020662,https://mblogthumb-phinf.pstatic.net/MjAyMjA1MDRfMjE1/MDAxNjUxNjU2MzczNDA4.MZ97MzUbtbzxK78_he3rbgwF-7TfcgruUr8zOO02QM4g.fYeonfnkFrEucuw0uMYww-MhQrE-ij9ExZ97oYXbs1Ag.JPEG.dyvision2030/보육공약.jpg?type=w800,
나의,육아,,딩동♪ 자녀의 교재·교구를 댁으로 배달해드립니다.,,https://m.blog.naver.com/dyvision2030/222712101888,https://mblogthumb-phinf.pstatic.net/MjAyMjA0MjZfMjI1/MDAxNjUwOTUzNDAxNTk0.luIhG8Khv0aJqmv5bCuZA9DxnaqNaD4OU7g7e3ZUa78g.gHxdkdPKQN0xAdcUWpFVL02_pBZtFQz6xKQoefEgYaEg.JPEG.dyvision2030/photo_2022-04-26_15-06-04.jpg?type=w800,
우리의,일자리,,"스타트업 천국, 3만개 창업으로 60만 일자리 창출 ",,https://m.blog.naver.com/dyvision2030/222730163782,https://mblogthumb-phinf.pstatic.net/MjAyMjA1MTJfMjE5/MDAxNjUyMzQ4MTcwNTU4.98jouietjf3OoIFYaTqfDpl9W6Av4FwF0omy1cuCL64g.HtQdM5YYfoM4onsTLYqmqTM-BIAxHhL4dC4q19nm3WAg.JPEG.dyvision2030/18.jpg?type=w800,
우리의,일자리,,5대 혁신전략으로 100만개 일자리 창출,,https://m.blog.naver.com/dyvision2030/222734781832?referrerCode=1,https://mblogthumb-phinf.pstatic.net/MjAyMjA1MTZfMjYw/MDAxNjUyNjk0NjMyMjkw.u5QRklC9cPevPEpeS74J7j26fMy68WeNL--FBCMj8lAg.5chUeozEL-YbHcPx9fYrAMFvghtpf62yniI-SEtJ29wg.JPEG.dyvision2030/25.jpg?type=w800,
우리의,일자리,,"‘5대 혁신 전략’으로 100만 일자리 창출, 일 잘하는 김동연이 실현하겠습니다!",,https://m.blog.naver.com/dyvision2030/222722715348,https://mblogthumb-phinf.pstatic.net/MjAyMjA1MDZfOSAg/MDAxNjUxODExMTMwNjM1.fDHW4clLlwXiWq0MIqhRuHHBQgdeo8-1u4AyKTyCjA8g.aLdb9KMqbM_2ZHcHORyo_01tfTNw-nNTjEenJuMysHsg.JPEG.dyvision2030/1.jpg?type=w800,
우리의,일자리,,권역별 산업특화 전략으로 골고루 잘 사는 경기도,,https://m.blog.naver.com/dyvision2030/222734778333?referrerCode=1,https://mblogthumb-phinf.pstatic.net/MjAyMjA1MTZfMjc2/MDAxNjUyNjk0MTc1Nzg2.Pqnk1xijqVQmHdgjfJQNsfBwEwARadF-8dWx-ZFG4hog.qGq39vc5R-ayfPZuWlU2wPM4IkKuJiTFxkIeCkgFCKkg.JPEG.dyvision2030/24.jpg?type=w800,
우리의,일자리,,글로벌 강소기업 200개 육성 ,,https://m.blog.naver.com/dyvision2030/222721973210,https://mblogthumb-phinf.pstatic.net/MjAyMjA1MDVfMjc2/MDAxNjUxNzQ3MTQ0MDgz.DM1fKMJWxqfc4O85-3l8tg3syiCjbeGRmQZi_Bj2OiYg.UbtqGV0AkhDA-lnObHMPN5gDIftAOvEecBgzSUVVFGEg.JPEG.dyvision2030/2.jpg?type=w800,
우리의,일자리,,함께 힘을 모으겠습니다!,,https://m.blog.naver.com/dyvision2030/222716320949,https://mblogthumb-phinf.pstatic.net/MjAyMjA0MzBfMTE5/MDAxNjUxMjg3Mzk2NTYy.OmxQZBD1Sf9LkQOEINw1J6n5_BPMSOsjb9I1mP1StJ0g.lGCk1EcY0PASgpVPVA9Kmh7JEvY1RcwjBRGoGvsEY7sg.JPEG.dyvision2030/photo_2022-04-30_11-53-18.jpg?type=w800,
우리의,일자리,,"과학기술 혁신성장을 선도하는 경기도, 일 잘하는 김동연이 만듭니다!",,https://m.blog.naver.com/dyvision2030/222739426415,https://mblogthumb-phinf.pstatic.net/MjAyMjA1MjBfMTM0/MDAxNjUzMDA0NDYwMjc1.oE_NB6o9a0ncI6hcqBOhXRm0-8uRg94bChyihZL4wrog.ltDrxg6LbADcxN22i272D7k781D8qRF48VS5qaiS9Wkg.JPEG.dyvision2030/%EA%B3%BC%ED%95%99%EA%B8%B0%EC%88%A0.jpg?type=w800,
"나,",장애인,,장애인이 편안하고 행복한 ‘함께 사는 경기도’!  일 잘하는 김동연이 실현하겠습니다,,https://m.blog.naver.com/PostView.naver?blogId=dyvision2030&logNo=222736889499&categoryNo=13&parentCategoryNo=&from=thumbnailList,https://mblogthumb-phinf.pstatic.net/MjAyMjA1MThfMTM4/MDAxNjUyODQwMzg3MzM2.Au6DquAfGDD2DIrmmnLr1cajwqNZekFYTlnsg0xEYPwg.qztOCEYj8C0zU1OJCQGWpOJgjAE6O3zaR7M7WJY3Icsg.JPEG.dyvision2030/1.jpg?type=w800,
"나,",장애인,,"장애인 이동권, 경기도가 먼저 앞서갑니다.",,https://m.blog.naver.com/dyvision2030/222706017027,https://mblogthumb-phinf.pstatic.net/MjAyMjA0MjBfNTUg/MDAxNjUwNDE4MzA4MzYw.s5Ebx7nkgYvRcoAYgVNhtvS5rJC30H0OoRwBm1nclBog.NmgSq0ZX_GzUhX3wEXhAtLkoTqaBm2pQA51DuflHS0Yg.PNG.dyvision2030/0419-말모이.png?type=w800,
"나,",장애인,,"전기저상버스, 유니버셜 디자인 확대로 장애인 이동권 보장 ",,https://m.blog.naver.com/dyvision2030/222734768458?referrerCode=1,https://mblogthumb-phinf.pstatic.net/MjAyMjA1MTZfMjIx/MDAxNjUyNjkzODI1Mjc2.tBmAnBQDTzsMwxapEo8IWwZ3TwcYVfXyXs-JYvH77Q4g.fCBfeskjp6hRg4HuDpiqL4cZJFGYmT1dRznE-EdzBWsg.JPEG.dyvision2030/22.jpg?type=w800,
우리 경기도의,정치,,정치 최초 공통공약추진기구인 모두의공약위원회 설치 ,,https://m.blog.naver.com/dyvision2030/222736220392,https://mblogthumb-phinf.pstatic.net/MjAyMjA1MTdfNDUg/MDAxNjUyNzkwNTY0MDY5.Eaq4CC_1y23C0go_VfdiebMZuOlVS9Pj_2IGtOdCEHMg.GcVi2wT1nHmC40klX79l00LiIxwQPfGzMUyyFA1Ikq0g.JPEG.dyvision2030/30.jpg?type=w800,
"나,",청년,,"엄마찬스, 아빠찬스가 아닌 경기 청년에겐 '경기찬스'",,https://m.blog.naver.com/dyvision2030/222730144847,https://mblogthumb-phinf.pstatic.net/MjAyMjA1MTJfMTQ4/MDAxNjUyMzQ4MDAwMDgz.WqJ48jyfOpvkpkXuWB5EG2vco0USU6B_xEyrr9TCfpEg.8eNV3lNEYHYHkcIkFEuyw6J3e8OaywJz1YkJrevpr6gg.JPEG.dyvision2030/17.jpg?type=w800,
"나,",청년,,"다양한 20․30대 청년의 삶에 더 많은 기회, 더 고른 기회를",,https://m.blog.naver.com/dyvision2030/222728549978,https://mblogthumb-phinf.pstatic.net/MjAyMjA1MTFfMzAg/MDAxNjUyMjQ0Njg2OTU4.y0fUFjuGDXG8u0Zk5VIKQ0Cf_n9rFrNywXjvt2gRTL8g.4TjgzT1yb0cVZ-sW1C_JJdpIGVOmBnnWF5drmvqRvO4g.JPEG.dyvision2030/2030을_위한_김동연의_약속.jpg?type=w800,
"나,",청년,,구직 중 청년에 ‘경기찬스’를! 면접수당에 어학시험 지원을 더하겠습니다,,https://m.blog.naver.com/dyvision2030/222737297700,https://mblogthumb-phinf.pstatic.net/MjAyMjA1MThfMzQg/MDAxNjUyODYwMDkzMDQz.Wwt2rDKOum7b5GU_Fj53MBg3hrnCjR2zHfKdE20DWB8g.kmSG1eiPL-9MBI-ize0nBZrsCNUiefhEcJTsj8TCxsYg.JPEG.dyvision2030/1.jpg?type=w800,
나의,출퇴근,,버스-지하철-택시 간 정액 환승할인제 도입,,https://m.blog.naver.com/dyvision2030/222721969660,https://mblogthumb-phinf.pstatic.net/MjAyMjA1MDVfMjM0/MDAxNjUxNzQ2NjgzMzA1.YQ-gRvoZjaCOQKgpTWzMaZ5XDP1QCeGDmwn8tAWtxwYg.qkeIdGdwVBw-GIqUwVXtsPWJcPEfSD3PE7zFsSEBhkEg.JPEG.dyvision2030/1.jpg?type=w800,
나의,출퇴근,,막차 걱정 그만! '경기심야버스'로 도민의 귀가 부담을 덜겠습니다,,https://m.blog.naver.com/dyvision2030/222716383340,https://mblogthumb-phinf.pstatic.net/MjAyMjA0MzBfMjc1/MDAxNjUxMjkyNzkyNzc2.Dz8weIt85rOCo_yxjpCoOFcO5XzZS0QuATA5ptNoxuEg.vFKE1om7w85oUShZT6zV7Wv67-06gCLJjj0b63ZKn3wg.JPEG.dyvision2030/photo_2022-04-30_13-22-22.jpg?type=w800,
나의,출퇴근,,SRT/KTX 경기북부 파주·의정부 연장,,https://m.blog.naver.com/dyvision2030/222734762870?referrerCode=1,https://mblogthumb-phinf.pstatic.net/MjAyMjA1MTZfMTAg/MDAxNjUyNjkzNDI2NDA1.f--PDpyMVMpe7Q8pLTQEvMjvJX62hx-mCeHHef_4evkg.vB4_dW0vJIY4X0SlrYx1R-E4hh20FalkEMEXcBUKck8g.JPEG.dyvision2030/20.jpg?type=w800,
우리의,환경,,탄소중립․에너지전환으로 만드는 ‘그린경기’! 일 잘하는 김동연이 실현하겠습니다,,https://m.blog.naver.com/dyvision2030/222732268424,https://mblogthumb-phinf.pstatic.net/MjAyMjA1MTRfMjE4/MDAxNjUyNTAyODY5NjAy.zLcVzv5sgqDTkfMuRL-fwEiWmoW-J1i8dJcmBhfKCvog.tKqKT-dFGXmioIwsTg25_gS2dhKltQnydir6AS_5S9og.JPEG.dyvision2030/김동연_Green_경기.jpg?type=w800,
우리의,환경,,미세먼지 차단숲 조성으로 상쾌한 경기도,,https://m.blog.naver.com/dyvision2030/222728999958,https://mblogthumb-phinf.pstatic.net/MjAyMjA1MTFfMTIy/MDAxNjUyMjY4OTk5MTU1.p21GvksDohFlUGjMG7IoMuR-DnKFWjzuQajB6akLbEUg.97D85--juv6ggJtqWq0y86eIOAbGvNSQvtYFRqufApgg.JPEG.dyvision2030/11.jpg?type=w800,
우리의,환경,,2030 경기도 온실가스감축목표(GDC) 40% 이상 목표 추진,,https://m.blog.naver.com/dyvision2030/222736212872,https://mblogthumb-phinf.pstatic.net/MjAyMjA1MTdfMjIz/MDAxNjUyNzg5OTQ1ODAy.M1Zmj_x-15VLIPCFQwQOs-ayJPgPyefBuhNPjFAlINIg.v2zTuS2QwR7KIvtbHMVVH-i1NNAzpcl5JWxR62W2eZEg.JPEG.dyvision2030/28.jpg?type=w800,